INSERT INTO customers (customer_id, first_name, last_name, birth_day, phone, email, address, city, country, post_code)
VALUES
    (1, 'John', 'Anderson', '1985-03-15', 1234567890, 'john.anderson@example.com', '123 Elm St', 'Springfield', 'USA', '11111'),
    (2, 'Emily', 'Brown', '1990-07-20', 9876543210, 'emily.brown@example.com', '456 Oak St', 'Shelbyville', 'USA', '22222'),
    (3, 'Michael', 'Carter', '1975-11-30', 5556667777, 'michael.carter@example.com', '789 Pine St', 'Capital City', 'USA', '33333'),
    (4, 'Sarah', 'Davis', '1988-04-22', 4445556666, 'sarah.davis@example.com', '321 Maple Ave', 'Lakeview', 'USA', '44444'),
    (5, 'James', 'Evans', '1992-10-12', 3334445555, 'james.evans@example.com', '125 Birch Rd', 'Springfield', 'USA', '55555'),
    (6, 'Olivia', 'Franklin', '1987-01-05', 6667778888, 'olivia.franklin@example.com', '789 Cypress Ln', 'Shelbyville', 'USA', '66666'),
    (7, 'William', 'Gonzalez', '1983-09-14', 2223334444, 'william.gonzalez@example.com', '456 Willow St', 'Capital City', 'USA', '77777'),
    (8, 'Sophia', 'Hernandez', '1996-07-18', 1112223333, 'sophia.hernandez@example.com', '852 Fir St', 'Lakeview', 'USA', '88888'),
    (9, 'Ethan', 'Johnson', '1980-11-23', 4445556666, 'ethan.johnson@example.com', '963 Aspen Blvd', 'Mountainview', 'USA', '99999'),
    (10, 'Mia', 'King', '1995-02-10', 7778889999, 'mia.king@example.com', '741 Spruce Ln', 'Springfield', 'USA', '10101'),
    (11, 'Liam', 'Walker', '1987-05-14', 3332221111, 'liam.walker@example.com', '12 Oak Ridge', 'Greenfield', 'USA', '11223'),
    (12, 'Noah', 'Morris', '1990-09-21', 4443332222, 'noah.morris@example.com', '34 Maple Lane', 'Lakewood', 'USA', '22334'),
    (13, 'Emma', 'Clark', '1993-11-05', 5554443333, 'emma.clark@example.com', '56 Elm Terrace', 'Riverside', 'USA', '33445'),
    (14, 'Ava', 'Garcia', '1986-06-12', 6665554444, 'ava.garcia@example.com', '78 Birch Hill', 'Meadowfield', 'USA', '44556'),
    (15, 'Isabella', 'Hall', '1994-02-27', 7776665555, 'isabella.hall@example.com', '90 Cedar Way', 'Summerville', 'USA', '55667'),
    (16, 'Sophia', 'Lee', '1989-03-30', 8887776666, 'sophia.lee@example.com', '102 Willow Grove', 'Brookhaven', 'USA', '66778'),
    (17, 'Jackson', 'Martinez', '1995-10-18', 9998887777, 'jackson.martinez@example.com', '120 Pine Court', 'Fairview', 'USA', '77889'),
    (18, 'Lucas', 'Taylor', '1991-08-09', 2221110000, 'lucas.taylor@example.com', '134 Aspen Park', 'Hillcrest', 'USA', '88990'),
    (19, 'Ella', 'Young', '1992-04-06', 3332221111, 'ella.young@example.com', '156 Spruce Lane', 'Cedarville', 'USA', '99001'),
    (20, 'Mason', 'Wilson', '1988-07-16', 4443332222, 'mason.wilson@example.com', '178 Fir Circle', 'Elmwood', 'USA', '10112'),
    (21, 'Amelia', 'Moore', '1984-11-10', 9876541234, 'amelia.moore@example.com', '456 Oakridge St', 'Springville', 'USA', '98765'),
    (22, 'Lucas', 'Hill', '1987-03-22', 7654321987, 'lucas.hill@example.com', '789 Birchwood Rd', 'Rivertown', 'USA', '87654'),
    (23, 'Charlotte', 'Adams', '1992-09-13', 5678901234, 'charlotte.adams@example.com', '123 Elmwood Ave', 'Lakeside', 'USA', '76543'),
    (24, 'Evelyn', 'Baker', '1990-06-25', 6789012345, 'evelyn.baker@example.com', '456 Maplewood Dr', 'Hilltown', 'USA', '65432'),
    (25, 'Henry', 'Carter', '1985-01-19', 8901234567, 'henry.carter@example.com', '789 Pinecrest Blvd', 'Woodfield', 'USA', '54321'),
    (26, 'Benjamin', 'Lewis', '1989-12-30', 7890123456, 'benjamin.lewis@example.com', '321 Cedarbrook Rd', 'Meadowlake', 'USA', '43210'),
    (27, 'Harper', 'Miller', '1993-07-04', 8901234567, 'harper.miller@example.com', '654 Willowbend Ln', 'Brookstone', 'USA', '32109'),
    (28, 'Alexander', 'Harris', '1991-08-16', 5678901234, 'alexander.harris@example.com', '987 Aspenwood Cir', 'Fairland', 'USA', '21098'),
    (29, 'Scarlett', 'Scott', '1986-02-28', 4567890123, 'scarlett.scott@example.com', '123 Sprucewood St', 'Greenland', 'USA', '10987'),
    (30, 'Grace', 'Nelson', '1995-03-15', 3456789012, 'grace.nelson@example.com', '456 Firwood Blvd', 'Summitview', 'USA', '09876'),
    (31, 'Ella', 'Mitchell', '1988-11-12', 2345678901, 'ella.mitchell@example.com', '789 Oakview Rd', 'Mountainlake', 'USA', '08765'),
    (32, 'Aiden', 'Roberts', '1994-09-07', 1234567890, 'aiden.roberts@example.com', '123 Birchview Ln', 'Riverbend', 'USA', '07654'),
    (33, 'Lillian', 'Martinez', '1987-04-23', 9876543210, 'lillian.martinez@example.com', '456 Willowcreek Ave', 'Cedarpoint', 'USA', '06543'),
    (34, 'Samuel', 'Clarkson', '1982-10-05', 8765432109, 'samuel.clarkson@example.com', '789 Maplecrest Cir', 'Summerville', 'USA', '05432'),
    (35, 'Madeline', 'Turner', '1993-06-18', 7654321098, 'madeline.turner@example.com', '321 Elmcrest St', 'Lakeside', 'USA', '04321'),
    (36, 'Victoria', 'Patterson', '1985-08-11', 6543210987, 'victoria.patterson@example.com', '654 Pinewood Dr', 'Hillview', 'USA', '03210'),
    (37, 'Abigail', 'Reed', '1992-02-26', 5432109876, 'abigail.reed@example.com', '987 Cedarcrest Blvd', 'Meadowfield', 'USA', '02109'),
    (38, 'Joseph', 'Walker', '1984-07-14', 4321098765, 'joseph.walker@example.com', '123 Firwood Ave', 'Brookhaven', 'USA', '01098');



INSERT INTO employee (emp_id, first_name, last_name, birth_day, email, phone, status, sup_id)
VALUES
    (1, 'Alice', 'Smith', '1980-05-10', 'alice.smith@example.com', 1122334455, 'Store Manager',  NULL),
    (2, 'Bob', 'Johnson', '1982-08-15', 'bob.johnson@example.com', 2233445566, 'Sales Associate',  1),
    (3, 'Charlie', 'Williams', '1995-03-25', 'charlie.williams@example.com', 3344556677, 'Stock Manager',  1),
    (4, 'David', 'Brown', '1989-12-15', 'david.brown@example.com', 9988776655, 'Sales Associate',  1),
    (5, 'Eve', 'Taylor', '1993-06-10', 'eve.taylor@example.com', 8877665544, 'Warehouse Staff', 3),
    (6, 'Frank', 'Martinez', '1985-04-20', 'frank.martinez@example.com', 7766554433, 'Store Manager', NULL),
    (7, 'Grace', 'Harris', '1990-02-11', 'grace.harris@example.com', 6655443322, 'Cashier', 1),
    (8, 'Hank', 'Clark', '1987-09-15', 'hank.clark@example.com', 5544332211, 'Cashier',  6),
    (9, 'Ivy', 'Lewis', '1992-11-05', 'ivy.lewis@example.com', 4433221100, 'Sales Associate', 1),
    (10, 'Jack', 'Robinson', '1988-08-19', 'jack.robinson@example.com', 3322110099, 'Warehouse Staff', 6);

INSERT INTO store (store_id, email, phone, address, city, post_code, manager_id)
VALUES
    (1, 'store1@example.com', 4455667788, '101 Main St', 'Springfield', '11111', 1),
    (2, 'store2@example.com', 5566778899, '202 Broad St', 'Shelbyville', '22222', 6);


UPDATE employee
SET store_id = 1
WHERE emp_id IN (1, 2, 4, 7, 9);

UPDATE employee
SET store_id = 2
WHERE emp_id IN (3, 5, 6, 8, 10);




INSERT INTO category (category_id, category_name)
VALUES
    (1, 'Cement & Concrete'),
    (2, 'Paints & Coatings'),
    (3, 'Wood & Lumber'),
    (4, 'Power Tools'),
    (5, 'Plumbing Supplies'),
    (6, 'Electrical Supplies'),
    (7, 'Insulation'),
    (8, 'Roofing Materials'),
    (9, 'Landscaping'),
    (10, 'Hardware & Fasteners');


INSERT INTO brand (brand_id, brand_name)
VALUES
    (1, 'CementMaster'),
    (2, 'EcoPaint'),
    (3, 'TimberPlus'),
    (4, 'ToolPro'),
    (5, 'PipeGuard'),
    (6, 'VoltX'),
    (7, 'ThermoSeal'),
    (8, 'RoofTech'),
    (9, 'GreenLand'),
    (10, 'FixIt');


INSERT INTO product (product_id, product_name, category_id, brand_id, list_price)
VALUES
    (1, 'Cement Mix', 1, 1, 20.50),
    (2, 'Concrete Blocks', 1, 1, 45.00),
    (3, 'Wall Paint', 2, 2, 15.75),
    (4, 'Wooden Beams', 3, 3, 30.20),
    (5, 'Circular Saw', 4, 4, 120.00),
    (6, 'Water Pipe', 5, 5, 8.50),
    (7, 'Extension Cable', 6, 6, 12.00),
    (8, 'Foam Insulation', 7, 7, 40.00),
    (9, 'Roofing Shingles', 8, 8, 50.75),
    (10, 'Garden Soil', 9, 9, 18.30),
    (11, 'Nails', 10, 10, 2.50),
    (12, 'Wooden Plywood', 3, 3, 22.80),
    (13, 'Power Drill', 4, 4, 150.00),
    (14, 'Plumbing Wrench', 5, 5, 25.50),
    (15, 'PVC Pipes', 5, 5, 5.60),
    (16, 'Electrical Cable', 6, 6, 20.00),
    (17, 'Roofing Nails', 8, 8, 3.90),
    (18, 'Lawn Fertilizer', 9, 9, 12.20),
    (19, 'Screws Box', 10, 10, 10.00),
    (20, 'Timber Planks', 3, 3, 18.50),
    (21, 'Electric Hammer', 4, 4, 95.00),
    (22, 'Insulated Foam', 7, 7, 42.00),
    (23, 'Paint Roller', 2, 2, 10.25),
    (24, 'Cement Adhesive', 1, 1, 12.80),
    (25, 'Concrete Nails', 10, 10, 6.00),
    (26, 'Drill Bit Set', 4, 4, 25.00),
    (27, 'Waterproof Coating', 2, 2, 40.00),
    (28, 'Electrical Outlet', 6, 6, 5.30),
    (29, 'Flexible Pipes', 5, 5, 7.90),
    (30, 'Garden Mulch', 9, 9, 11.50),
    (31, 'Roof Vent', 8, 8, 28.60),
    (32, 'Angle Grinder', 4, 4, 85.00),
    (33, 'Lumber Board', 3, 3, 14.30),
    (34, 'Portable Generator', 6, 6, 250.00),
    (35, 'Roof Repair Kit', 8, 8, 40.00),
    (36, 'Wood Filler', 3, 3, 7.50),
    (37, 'Sanding Machine', 4, 4, 120.00),
    (38, 'Bathroom Sink', 5, 5, 120.00),
    (39, 'Shovel', 9, 9, 15.00),
    (40, 'LED Floodlight', 6, 6, 45.50),
    (41, 'Concrete Saw', 1, 1, 200.00),
    (42, 'Decking Wood', 3, 3, 35.00),
    (43, 'Cement Screed', 1, 1, 55.00),
    (44, 'Power Washer', 4, 4, 190.00),
    (45, 'PVC Fittings', 5, 5, 8.10),
    (46, 'Paint Brushes', 2, 2, 5.30),
    (47, 'Wooden Deck', 3, 3, 75.00),
    (48, 'Plumbing Tape', 5, 5, 2.40),
    (49, 'Lawn Mower', 9, 9, 200.00),
    (50, 'Pressure Washer', 4, 4, 180.00),
    (51, 'Cement Molds', 1, 1, 30.00),
    (52, 'Insulation Tape', 7, 7, 5.00),
    (53, 'Drywall Screws', 10, 10, 4.20),
    (54, 'Electric Water Heater', 5, 5, 300.00),
    (55, 'Grout', 1, 1, 18.50),
    (56, 'Paint Remover', 2, 2, 9.50),
    (57, 'Solar Panel', 6, 6, 250.00),
    (58, 'Carpenter’s Nails', 10, 10, 4.80),
    (59, 'Shingles Adhesive', 8, 8, 15.00),
    (60, 'Extension Ladder', 4, 4, 125.00),
    (61, 'Trowel', 1, 1, 9.50),
    (62, 'Wood Sealer', 3, 3, 12.00),
    (63, 'Dust Mask', 4, 4, 6.00),
    (64, 'Gas Pipe', 5, 5, 35.00),
    (65, 'Paint Thinner', 2, 2, 8.70),
    (66, 'Varnish', 2, 2, 13.20),
    (67, 'Copper Pipe', 5, 5, 25.00),
    (68, 'Wood Screws', 10, 10, 3.50),
    (69, 'Tile Cutter', 4, 4, 70.00),
    (70, 'Gravel', 9, 9, 50.00),
    (71, 'Roof Sealant', 8, 8, 20.00),
    (72, 'Paint Spray Gun', 2, 2, 75.00),
    (73, 'Power Cable', 6, 6, 30.00),
    (74, 'Cement Trowel', 1, 1, 7.80),
    (75, 'Water Tank', 5, 5, 150.00),
    (76, 'Electric Fan', 6, 6, 80.00),
    (77, 'Brick Trowel', 1, 1, 9.30),
    (78, 'Wooden Shims', 3, 3, 5.50),
    (79, 'Hydraulic Jack', 4, 4, 120.00),
    (80, 'Drill Press', 4, 4, 200.00),
    (81, 'Drainage Pipe', 5, 5, 18.90),
    (82, 'Hose Reel', 9, 9, 40.00),
    (83, 'Metal Nails', 10, 10, 8.10),
    (84, 'Flooring Tiles', 1, 1, 40.00),
    (85, 'Plumbing Faucet', 5, 5, 50.00),
    (86, 'Wall Fasteners', 10, 10, 2.80),
    (87, 'PVC Gluing Kit', 5, 5, 15.00),
    (88, 'Saw Blade', 4, 4, 30.00),
    (89, 'Cement Boards', 1, 1, 60.00),
    (90, 'Pressure Valve', 5, 5, 22.50),
    (91, 'Angle Cutter', 4, 4, 150.00),
    (92, 'Wood Chisel', 3, 3, 13.00),
    (93, 'Steel Nails', 10, 10, 6.00),
    (94, 'Power Supply Unit', 6, 6, 80.00),
    (95, 'Drill Machine', 4, 4, 110.00),
    (96, 'Brick Lifter', 1, 1, 30.00),
    (97, 'Drywall', 1, 1, 25.00),
    (98, 'Vise Grip', 4, 4, 25.00),
    (99, 'Soldering Iron', 6, 6, 35.00),
    (100, 'Plywood Sheets', 3, 3, 18.00);



INSERT INTO customers (customer_id, first_name, last_name, birth_day, phone, email, address, city, country, post_code)
VALUES
    (39, 'Ian', 'Martinez', '1980-04-09', 5678901234, 'ian.martinez@email.com', '656 Elm St', 'Chicago', 'USA', '60601'),
    (40, 'Lara', 'Perez', '1991-12-11', 6789012345, 'lara.perez@email.com', '757 Oak St', 'Dallas', 'USA', '75201'),
    (41, 'Mike', 'Johnson', '1986-07-30', 7890123456, 'mike.johnson@email.com', '858 Pine St', 'Miami', 'USA', '33101'),
    (42, 'Nina', 'Bennett', '1984-02-17', 8901234567, 'nina.bennett@email.com', '959 Birch St', 'Atlanta', 'USA', '30301'),
    (43, 'Oscar', 'Roberts', '1997-11-02', 9012345678, 'oscar.roberts@email.com', '1060 Cedar St', 'Los Angeles', 'USA', '90001'),
    (44, 'Paula', 'Martinez', '1989-03-19', 1023456789, 'paula.martinez@email.com', '1170 Fir St', 'Houston', 'USA', '77001'),
    (45, 'Quincy', 'Young', '1982-01-27', 2134567890, 'quincy.young@email.com', '1280 Pine St', 'Phoenix', 'USA', '85001'),
    (46, 'Riley', 'Lee', '1990-05-14', 3245678901, 'riley.lee@email.com', '1390 Redwood St', 'Dallas', 'USA', '75202'),
    (47, 'Sally', 'Scott', '1980-12-06', 4356789012, 'sally.scott@email.com', '1500 Elm St', 'Chicago', 'USA', '60602'),
    (48, 'Tom', 'Morris', '1992-08-12', 5467890123, 'tom.morris@email.com', '1610 Oak St', 'Miami', 'USA', '33102'),
    (49, 'Uma', 'Jackson', '1991-04-25', 6578901234, 'uma.jackson@email.com', '1720 Birch St', 'Los Angeles', 'USA', '90002'),
    (50, 'Vera', 'Green', '1993-02-20', 7689012345, 'vera.green@email.com', '1830 Cedar St', 'Phoenix', 'USA', '85002'),
    (51, 'Wesley', 'Taylor', '1987-06-01', 8790123456, 'wesley.taylor@email.com', '1940 Fir St', 'Dallas', 'USA', '75203'),
    (52, 'Xena', 'Adams', '1996-03-11', 9801234567, 'xena.adams@email.com', '2050 Pine St', 'Houston', 'USA', '77002'),
    (53, 'Yvonne', 'Nelson', '1990-01-22', 1023456789, 'yvonne.nelson@email.com', '2160 Redwood St', 'Chicago', 'USA', '60603'),
    (54, 'Zach', 'Harris', '1988-11-13', 2134567890, 'zach.harris@email.com', '2270 Elm St', 'San Francisco', 'USA', '94101'),
    (55, 'Abigail', 'Cameron', '1992-07-25', 3245678901, 'abigail.cameron@email.com', '2380 Oak St', 'Los Angeles', 'USA', '90003'),
    (56, 'Bryan', 'Morris', '1981-03-01', 4356789012, 'bryan.morris@email.com', '2490 Birch St', 'Houston', 'USA', '77003'),
    (57, 'Cindy', 'Nelson', '1993-05-07', 5467890123, 'cindy.nelson@email.com', '2600 Cedar St', 'Dallas', 'USA', '75204'),
    (58, 'Dylan', 'White', '1990-12-12', 6578901234, 'dylan.white@email.com', '2710 Fir St', 'Miami', 'USA', '33103'),
    (59, 'Emily', 'Evans', '1989-01-05', 7689012345, 'emily.evans@email.com', '2820 Pine St', 'Chicago', 'USA', '60604'),
    (60, 'Felix', 'Carter', '1994-06-30', 8790123456, 'felix.carter@email.com', '2930 Redwood St', 'San Francisco', 'USA', '94102'),
    (61, 'Grace', 'Taylor', '1987-07-17', 9801234567, 'grace.taylor@email.com', '3040 Elm St', 'Los Angeles', 'USA', '90004'),
    (62, 'Hannah', 'Anderson', '1986-03-13', 1023456789, 'hannah.anderson@email.com', '3150 Oak St', 'Dallas', 'USA', '75205'),
    (63, 'Ivy', 'Martin', '1993-09-28', 2134567890, 'ivy.martin@email.com', '3260 Birch St', 'Phoenix', 'USA', '85003'),
    (64, 'Jack', 'Lopez', '1992-06-18', 3245678901, 'jack.lopez@email.com', '3370 Cedar St', 'Houston', 'USA', '77004'),
    (65, 'Kara', 'Hughes', '1984-11-09', 4356789012, 'kara.hughes@email.com', '3480 Fir St', 'San Francisco', 'USA', '94103'),
    (66, 'Lena', 'Walker', '1985-03-14', 5467890123, 'lena.walker@email.com', '3590 Pine St', 'Miami', 'USA', '33104'),
    (67, 'Miles', 'Young', '1990-05-25', 6578901234, 'miles.young@email.com', '3700 Redwood St', 'Dallas', 'USA', '75206'),
    (68, 'Nina', 'Gray', '1991-01-10', 7689012345, 'nina.gray@email.com', '3810 Elm St', 'Phoenix', 'USA', '85004'),
    (69, 'Owen', 'Davis', '1988-09-04', 8790123456, 'owen.davis@email.com', '3920 Oak St', 'Chicago', 'USA', '60605'),
    (70, 'Paul', 'Hall', '1994-11-19', 9801234567, 'paul.hall@email.com', '4030 Birch St', 'San Francisco', 'USA', '94104'),
    (71, 'Quinn', 'Perez', '1987-05-23', 1023456789, 'quinn.perez@email.com', '4140 Cedar St', 'Houston', 'USA', '77005'),
    (72, 'Rita', 'Adams', '1991-02-14', 2134567890, 'rita.adams@email.com', '4250 Fir St', 'Phoenix', 'USA', '85005'),
    (73, 'Steve', 'Johnson', '1989-07-27', 3245678901, 'steve.johnson@email.com', '4360 Pine St', 'Dallas', 'USA', '75207'),
    (74, 'Tina', 'Scott', '1986-10-21', 4356789012, 'tina.scott@email.com', '4470 Redwood St', 'San Francisco', 'USA', '94105'),
    (75, 'Ursula', 'Robinson', '1993-02-03', 5467890123, 'ursula.robinson@email.com', '4580 Elm St', 'Chicago', 'USA', '60606'),
    (76, 'Victor', 'Clark', '1985-12-16', 6578901234, 'victor.clark@email.com', '4690 Oak St', 'Miami', 'USA', '33105'),
    (77, 'Wendy', 'Martinez', '1994-08-05', 7689012345, 'wendy.martinez@email.com', '4800 Birch St', 'Phoenix', 'USA', '85006'),
    (78, 'Xander', 'Wilson', '1986-05-11', 8790123456, 'xander.wilson@email.com', '4910 Cedar St', 'Dallas', 'USA', '75208'),
    (79, 'Yasmine', 'Moore', '1992-04-27', 9801234567, 'yasmine.moore@email.com', '5020 Fir St', 'San Francisco', 'USA', '94106'),
    (80, 'Zane', 'Evans', '1990-01-17', 1023456789, 'zane.evans@email.com', '5130 Pine St', 'Houston', 'USA', '77006'),
    (81, 'Alexa', 'Cameron', '1984-07-30', 2134567890, 'alexa.cameron@email.com', '5240 Redwood St', 'Phoenix', 'USA', '85007'),
    (82, 'Bobby', 'Bennett', '1985-10-04', 3245678901, 'bobby.bennett@email.com', '5350 Elm St', 'Dallas', 'USA', '75209'),
    (83, 'Caitlyn', 'Gray', '1990-03-14', 4356789012, 'caitlyn.gray@email.com', '5460 Oak St', 'Chicago', 'USA', '60607'),
    (84, 'Daniel', 'Davis', '1989-01-29', 5467890123, 'daniel.davis@email.com', '5570 Birch St', 'San Francisco', 'USA', '94107'),
    (85, 'Eva', 'Hughes', '1993-11-12', 6578901234, 'eva.hughes@email.com', '5680 Cedar St', 'Phoenix', 'USA', '85008'),
    (86, 'Freddie', 'Roberts', '1988-08-05', 7689012345, 'freddie.roberts@email.com', '5790 Fir St', 'Houston', 'USA', '77007'),
    (87, 'Grace', 'Clark', '1991-04-02', 8790123456, 'grace.clark@email.com', '5900 Pine St', 'San Francisco', 'USA', '94108'),
    (88, 'Holly', 'Johnson', '1987-07-10', 9801234567, 'holly.johnson@email.com', '6010 Redwood St', 'Dallas', 'USA', '75210'),
    (89, 'Ivy', 'Walker', '1994-10-20', 1023456789, 'ivy.walker@email.com', '6120 Elm St', 'Houston', 'USA', '77008'),
    (90, 'Jack', 'Evans', '1982-12-22', 2134567890, 'jack.evans@email.com', '6230 Oak St', 'Phoenix', 'USA', '85009'),
    (91, 'Kara', 'Brown', '1992-06-30', 3245678901, 'kara.brown@email.com', '6340 Birch St', 'San Francisco', 'USA', '94109'),
    (92, 'Liam', 'Hughes', '1988-04-18', 4356789012, 'liam.hughes@email.com', '6450 Cedar St', 'Dallas', 'USA', '75211'),
    (93, 'Mason', 'Martin', '1991-09-30', 5467890123, 'mason.martin@email.com', '6560 Fir St', 'Phoenix', 'USA', '85010'),
    (94, 'Nina', 'Clark', '1989-02-13', 6578901234, 'nina.clark@email.com', '6670 Pine St', 'San Francisco', 'USA', '94110'),
    (95, 'Owen', 'Walker', '1987-06-23', 7689012345, 'owen.walker@email.com', '6780 Redwood St', 'Houston', 'USA', '77009'),
    (96, 'Paula', 'Evans', '1992-01-05', 8790123456, 'paula.evans@email.com', '6890 Elm St', 'Dallas', 'USA', '75212'),
    (97, 'Quinn', 'Davis', '1986-08-25', 9801234567, 'quinn.davis@email.com', '6900 Oak St', 'Phoenix', 'USA', '85011'),
    (98, 'Rita', 'Moore', '1990-11-07', 1023456789, 'rita.moore@email.com', '7010 Birch St', 'San Francisco', 'USA', '94111'),
    (99, 'Steve', 'Lopez', '1983-02-15', 2134567890, 'steve.lopez@email.com', '7120 Cedar St', 'Houston', 'USA', '77010'),
    (100, 'Tina', 'Roberts', '1994-05-20', 3245678901, 'tina.roberts@email.com', '7230 Fir St', 'Dallas', 'USA', '75213');






INSERT INTO availability (store_id, product_id, quantity)
VALUES
    (1, 1, 50),
    (1, 2, 30),
    (1, 3, 40),
    (1, 4, 20),
    (1, 5, 15),
    (1, 6, 60),
    (1, 7, 35),
    (1, 8, 45),
    (1, 9, 50),
    (1, 10, 100),
    (1, 11, 75),
    (1, 12, 60),
    (1, 13, 20),
    (1, 14, 10),
    (1, 15, 30),
    (1, 16, 25),
    (1, 17, 55),
    (1, 18, 10),
    (1, 19, 40),
    (1, 20, 30),
    (1, 21, 60),
    (1, 22, 25),
    (1, 23, 50),
    (1, 24, 35),
    (1, 25, 45),
    (1, 26, 20),
    (1, 27, 30),
    (1, 28, 15),
    (1, 29, 40),
    (1, 30, 55),
    (1, 31, 25),
    (1, 32, 30),
    (1, 33, 40),
    (1, 34, 20),
    (1, 35, 15),
    (1, 36, 45),
    (1, 37, 50),
    (1, 38, 35),
    (1, 39, 30),
    (1, 40, 60),
    (1, 41, 40),
    (1, 42, 45),
    (1, 43, 20),
    (1, 44, 15),
    (1, 45, 30),
    (1, 46, 20),
    (1, 47, 50),
    (1, 48, 10),
    (1, 49, 60),
    (1, 50, 25),
    (1, 51, 20),
    (1, 52, 15),
    (1, 53, 10),
    (1, 54, 25),
    (1, 55, 40),
    (1, 56, 30),
    (1, 57, 45),
    (1, 58, 35),
    (1, 59, 50),
    (1, 60, 30),
    (1, 61, 15),
    (1, 62, 20),
    (1, 63, 30),
    (1, 64, 25),
    (1, 65, 40),
    (1, 66, 35),
    (1, 67, 50),
    (1, 68, 60),
    (1, 69, 45),
    (1, 70, 25),
    (1, 71, 20),
    (1, 72, 30),
    (1, 73, 35),
    (1, 74, 40),
    (1, 75, 30),
    (1, 76, 50),
    (1, 77, 20),
    (1, 78, 60),
    (1, 79, 45),
    (1, 80, 25),
    (1, 81, 10),
    (1, 82, 40),
    (1, 83, 30),
    (1, 84, 50),
    (1, 85, 20),
    (1, 86, 30),
    (1, 87, 10),
    (1, 88, 20),
    (1, 89, 15),
    (1, 90, 30),
    (1, 91, 20),
    (1, 92, 25),
    (1, 93, 40),
    (1, 94, 60),
    (1, 95, 35),
    (1, 96, 25),
    (1, 97, 50),
    (1, 98, 15),
    (1, 99, 60),
    (1, 100, 35),
    (2, 1, 40),
    (2, 2, 50),
    (2, 3, 25),
    (2, 4, 60),
    (2, 5, 45),
    (2, 6, 35),
    (2, 7, 30),
    (2, 8, 40),
    (2, 9, 50),
    (2, 10, 60),
    (2, 11, 35),
    (2, 12, 25),
    (2, 13, 60),
    (2, 14, 45),
    (2, 15, 55),
    (2, 16, 30),
    (2, 17, 40),
    (2, 18, 25),
    (2, 19, 45),
    (2, 20, 35),
    (2, 21, 55),
    (2, 22, 25),
    (2, 23, 40),
    (2, 24, 30),
    (2, 25, 60),
    (2, 26, 25),
    (2, 27, 50),
    (2, 28, 35),
    (2, 29, 45),
    (2, 30, 30),
    (2, 31, 60),
    (2, 32, 25),
    (2, 33, 40),
    (2, 34, 35),
    (2, 35, 50),
    (2, 36, 25),
    (2, 37, 30),
    (2, 38, 60),
    (2, 39, 45),
    (2, 40, 35),
    (2, 41, 30),
    (2, 42, 50),
    (2, 43, 45),
    (2, 44, 60),
    (2, 45, 30),
    (2, 46, 40),
    (2, 47, 60),
    (2, 48, 25),
    (2, 49, 50),
    (2, 50, 30),
    (2, 51, 45),
    (2, 52, 30),
    (2, 53, 40),
    (2, 54, 60),
    (2, 55, 50),
    (2, 56, 30),
    (2, 57, 40),
    (2, 58, 45),
    (2, 59, 25),
    (2, 60, 60),
    (2, 61, 40),
    (2, 62, 35),
    (2, 63, 50),
    (2, 64, 25),
    (2, 65, 60),
    (2, 66, 45),
    (2, 67, 30),
    (2, 68, 40),
    (2, 69, 25),
    (2, 70, 50),
    (2, 71, 60),
    (2, 72, 30),
    (2, 73, 40),
    (2, 74, 25),
    (2, 75, 50),
    (2, 76, 35),
    (2, 77, 60),
    (2, 78, 45),
    (2, 79, 30),
    (2, 80, 25),
    (2, 81, 40),
    (2, 82, 60),
    (2, 83, 50),
    (2, 84, 35),
    (2, 85, 30),
    (2, 86, 25),
    (2, 87, 40),
    (2, 88, 60),
    (2, 89, 45),
    (2, 90, 35),
    (2, 91, 30),
    (2, 92, 60),
    (2, 93, 50),
    (2, 94, 40),
    (2, 95, 25),
    (2, 96, 60),
    (2, 97, 30),
    (2, 98, 50),
    (2, 99, 40),
    (2, 100, 25);



INSERT INTO orders (order_id, customer_id, order_date, order_status, required_date, shipped_date, store_id, emp_id)
VALUES
    (1, 1, '2024-11-01', 'Shipped', '2024-11-05', '2024-11-04', 1, 1),
    (2, 2, '2024-11-02', 'Pending', '2024-11-06', NULL, 1, 2),
    (3, 3, '2024-11-03', 'Shipped', '2024-11-07', '2024-11-06', 2, 3),
    (4, 4, '2024-11-04', 'Shipped', '2024-11-08', '2024-11-07', 1, 4),
    (5, 5, '2024-11-05', 'Pending', '2024-11-09', NULL, 2, 5),
    (6, 6, '2024-11-06', 'Shipped', '2024-11-10', '2024-11-09', 1, 6),
    (7, 7, '2024-11-07', 'Shipped', '2024-11-11', '2024-11-10', 2, 7),
    (8, 8, '2024-11-08', 'Pending', '2024-11-12', NULL, 1, 8),
    (9, 9, '2024-11-09', 'Shipped', '2024-11-13', '2024-11-12', 2, 9),
    (10, 10, '2024-11-10', 'Shipped', '2024-11-14', '2024-11-13', 1, 10),
    (11, 11, '2024-11-11', 'Shipped', '2024-11-15', '2024-11-14', 2, 1),
    (12, 12, '2024-11-12', 'Pending', '2024-11-16', NULL, 1, 2),
    (13, 13, '2024-11-13', 'Shipped', '2024-11-17', '2024-11-16', 2, 3),
    (14, 14, '2024-11-14', 'Pending', '2024-11-18', NULL, 1, 4),
    (15, 15, '2024-11-15', 'Shipped', '2024-11-19', '2024-11-18', 2, 5),
    (16, 16, '2024-11-16', 'Pending', '2024-11-20', NULL, 1, 6),
    (17, 17, '2024-11-17', 'Shipped', '2024-11-21', '2024-11-20', 2, 7),
    (18, 18, '2024-11-18', 'Shipped', '2024-11-22', '2024-11-21', 1, 8),
    (19, 19, '2024-11-19', 'Shipped', '2024-11-23', '2024-11-22', 2, 9),
    (20, 20, '2024-11-20', 'Pending', '2024-11-24', NULL, 1, 10),
    (21, 21, '2024-11-21', 'Shipped', '2024-11-25', '2024-11-24', 2, 1),
    (22, 22, '2024-11-22', 'Pending', '2024-11-26', NULL, 1, 2),
    (23, 23, '2024-11-23', 'Shipped', '2024-11-27', '2024-11-26', 2, 3),
    (24, 24, '2024-11-24', 'Shipped', '2024-11-28', '2024-11-27', 1, 4),
    (25, 25, '2024-11-25', 'Pending', '2024-11-29', NULL, 2, 5),
    (26, 26, '2024-11-26', 'Shipped', '2024-11-30', '2024-11-29', 1, 6),
    (27, 27, '2024-11-27', 'Shipped', '2024-12-01', '2024-11-30', 2, 7),
    (28, 28, '2024-11-28', 'Pending', '2024-12-02', NULL, 1, 8),
    (29, 29, '2024-11-29', 'Shipped', '2024-12-03', '2024-12-02', 2, 9),
    (30, 30, '2024-11-30', 'Shipped', '2024-12-04', '2024-12-03', 1, 10),
    (31, 31, '2024-12-01', 'Shipped', '2024-12-05', '2024-12-04', 2, 1),
    (32, 32, '2024-12-02', 'Pending', '2024-12-06', NULL, 1, 2),
    (33, 33, '2024-12-03', 'Shipped', '2024-12-07', '2024-12-06', 2, 3),
    (34, 34, '2024-12-04', 'Shipped', '2024-12-08', '2024-12-07', 1, 4),
    (35, 35, '2024-12-05', 'Pending', '2024-12-09', NULL, 2, 5),
    (36, 36, '2024-12-06', 'Shipped', '2024-12-10', '2024-12-09', 1, 6),
    (37, 37, '2024-12-07', 'Shipped', '2024-12-11', '2024-12-10', 2, 7),
    (38, 38, '2024-12-08', 'Pending', '2024-12-12', NULL, 1, 8),
    (39, 39, '2024-12-09', 'Shipped', '2024-12-13', '2024-12-12', 2, 9),
    (40, 40, '2024-12-10', 'Shipped', '2024-12-14', '2024-12-13', 1, 10),
    (41, 41, '2024-12-11', 'Shipped', '2024-12-15', '2024-12-14', 2, 1),
    (42, 42, '2024-12-12', 'Pending', '2024-12-16', NULL, 1, 2),
    (43, 43, '2024-12-13', 'Shipped', '2024-12-17', '2024-12-16', 2, 3),
    (44, 44, '2024-12-14', 'Shipped', '2024-12-18', '2024-12-17', 1, 4),
    (45, 45, '2024-12-15', 'Pending', '2024-12-19', NULL, 2, 5),
    (46, 46, '2024-12-16', 'Shipped', '2024-12-20', '2024-12-19', 1, 6),
    (47, 47, '2024-12-17', 'Shipped', '2024-12-21', '2024-12-20', 2, 7),
    (48, 48, '2024-12-18', 'Pending', '2024-12-22', NULL, 1, 8),
    (49, 49, '2024-12-19', 'Shipped', '2024-12-23', '2024-12-22', 2, 9),
    (50, 50, '2024-12-20', 'Shipped', '2024-12-24', '2024-12-23', 1, 10);



INSERT INTO order_items (order_id, item_id, product_id, quantity, list_price, discount)
VALUES
    (1, 1, 1, 2, 20.50, 0.05),
    (1, 2, 3, 1, 15.75, 0.10),
    (1, 3, 10, 4, 2.50, 0.00),

    (2, 1, 4, 3, 30.20, 0.05),
    (2, 2, 19, 2, 10.00, 0.15),

    (3, 1, 5, 1, 120.00, 0.10),
    (3, 2, 6, 5, 8.50, 0.00),
    (3, 3, 15, 2, 5.60, 0.05),

    (4, 1, 7, 10, 12.00, 0.10),
    (4, 2, 18, 3, 12.20, 0.00),

    (5, 1, 14, 4, 25.50, 0.00),
    (5, 2, 11, 6, 2.50, 0.05),

    (6, 1, 21, 1, 95.00, 0.10),
    (6, 2, 33, 2, 14.30, 0.00),

    (7, 1, 43, 5, 55.00, 0.05),
    (7, 2, 8, 3, 40.00, 0.10),
    (7, 3, 9, 7, 50.75, 0.00),

    (8, 1, 54, 1, 300.00, 0.10),
    (8, 2, 32, 2, 85.00, 0.15),
    (8, 3, 4, 4, 30.20, 0.00),

    (9, 1, 19, 3, 10.00, 0.05),
    (9, 2, 50, 2, 180.00, 0.15),
    (9, 3, 10, 5, 2.50, 0.00),

    (10, 1, 18, 4, 12.20, 0.00),
    (10, 2, 4, 6, 30.20, 0.10),
    (10, 3, 2, 2, 45.00, 0.05),

    (11, 1, 13, 1, 150.00, 0.10),
    (11, 2, 27, 4, 40.00, 0.15),

    (12, 1, 12, 3, 22.80, 0.00),
    (12, 2, 24, 1, 12.80, 0.05),

    (13, 1, 6, 5, 8.50, 0.00),
    (13, 2, 21, 2, 95.00, 0.10),

    (14, 1, 3, 2, 15.75, 0.10),
    (14, 2, 25, 5, 6.00, 0.05),

    (15, 1, 16, 1, 20.00, 0.00),
    (15, 2, 17, 4, 3.90, 0.10),
    (15, 3, 9, 2, 50.75, 0.00),

    (16, 1, 8, 3, 40.00, 0.05),
    (16, 2, 32, 6, 85.00, 0.00),

    (17, 1, 14, 4, 25.50, 0.10),
    (17, 2, 10, 7, 2.50, 0.15),

    (18, 1, 18, 2, 12.20, 0.00),
    (18, 2, 20, 1, 75.00, 0.10),

    (19, 1, 33, 5, 14.30, 0.05),
    (19, 2, 4, 3, 30.20, 0.10),

    (20, 1, 41, 2, 200.00, 0.00),
    (20, 2, 5, 1, 120.00, 0.05),
    (20, 3, 24, 6, 12.80, 0.10),

    (21, 1, 7, 3, 12.00, 0.00),
    (21, 2, 33, 4, 14.30, 0.15),
    (21, 3, 12, 5, 22.80, 0.10),

    (22, 1, 18, 2, 12.20, 0.05),
    (22, 2, 45, 7, 8.10, 0.00),

    (23, 1, 15, 1, 5.60, 0.10),
    (23, 2, 6, 5, 8.50, 0.15),

    (24, 1, 31, 3, 28.60, 0.05),
    (24, 2, 18, 2, 12.20, 0.10),
    (24, 3, 22, 4, 42.00, 0.00),

    (25, 1, 9, 2, 50.75, 0.00),
    (25, 2, 21, 3, 95.00, 0.10),

    (26, 1, 18, 4, 12.20, 0.00),
    (26, 2, 33, 5, 14.30, 0.05),

    (27, 1, 14, 7, 25.50, 0.00),
    (27, 2, 4, 6, 30.20, 0.10),
    (27, 3, 16, 1, 20.00, 0.15),

    (28, 1, 18, 3, 12.20, 0.00),
    (28, 2, 4, 5, 30.20, 0.10),
    (28, 3, 15, 2, 5.60, 0.10),

    (29, 1, 30, 1, 11.50, 0.05),
    (29, 2, 27, 3, 40.00, 0.15),

    (30, 1, 10, 2, 2.50, 0.00),
    (30, 2, 16, 5, 20.00, 0.10),

    (31, 1, 9, 1, 50.75, 0.10),
    (31, 2, 4, 3, 30.20, 0.00),

    (32, 1, 14, 5, 25.50, 0.05),
    (32, 2, 5, 4, 120.00, 0.00),

    (33, 1, 13, 2, 150.00, 0.10),
    (33, 2, 9, 3, 50.75, 0.00),

    (34, 1, 7, 4, 12.00, 0.05),
    (34, 2, 20, 2, 75.00, 0.10),

    (35, 1, 8, 1, 40.00, 0.00),
    (35, 2, 22, 3, 42.00, 0.10),

    (36, 1, 16, 2, 20.00, 0.05),
    (36, 2, 17, 3, 3.90, 0.10),

    (37, 1, 4, 3, 30.20, 0.00),
    (37, 2, 33, 6, 14.30, 0.10),

    (38, 1, 12, 1, 22.80, 0.10),
    (38, 2, 27, 4, 40.00, 0.05),

    (39, 1, 6, 5, 8.50, 0.10),
    (39, 2, 25, 3, 6.00, 0.15),

    (40, 1, 15, 4, 5.60, 0.00),
    (40, 2, 6, 2, 8.50, 0.10),

    (41, 1, 21, 3, 95.00, 0.05),
    (41, 2, 4, 6, 30.20, 0.15),

    (42, 1, 7, 4, 12.00, 0.10),
    (42, 2, 33, 2, 14.30, 0.05),

    (43, 1, 16, 1, 20.00, 0.00),
    (43, 2, 10, 5, 45.00, 0.10),

    (44, 1, 9, 2, 50.75, 0.00),
    (44, 2, 32, 3, 85.00, 0.05),

    (45, 1, 6, 5, 8.50, 0.00),
    (45, 2, 21, 2, 95.00, 0.10),

    (46, 1, 14, 1, 25.50, 0.05),
    (46, 2, 17, 2, 20.00, 0.10),

    (47, 1, 4, 6, 30.20, 0.10),
    (47, 2, 15, 4, 5.60, 0.00),

    (48, 1, 12, 2, 22.80, 0.00),
    (48, 2, 33, 3, 14.30, 0.15),

    (49, 1, 27, 1, 40.00, 0.00),
    (49, 2, 16, 5, 20.00, 0.05),

    (50, 1, 8, 3, 40.00, 0.05),
    (50, 2, 7, 2, 12.00, 0.00);



INSERT INTO supplier (store_id, supplier_id, supplier_name, product_id)
VALUES
    (1, 1, 'ABC Supplies', 1),
    (1, 1, 'ABC Supplies', 2),
    (1, 2, 'XYZ Construction', 3),
    (1, 3, 'WoodWorks Ltd.', 4),
    (1, 1, 'ABC Supplies', 5),
    (1, 4, 'Plumbing Goods', 6),
    (1, 5, 'ElectroTools Inc.', 7),
    (1, 6, 'FoamTech', 8),
    (1, 2, 'XYZ Construction', 9),
    (1, 7, 'Green Gardens', 10),
    (1, 8, 'Nail Masters', 11),
    (1, 3, 'WoodWorks Ltd.', 12),
    (1, 5, 'Plumbing Goods', 13),
    (1, 1, 'ABC Supplies', 14),
    (1, 9, 'HydroTech', 15),
    (1, 6, 'FoamTech', 16),
    (1, 3, 'WoodWorks Ltd.', 17),
    (1, 2, 'XYZ Construction', 18),
    (1, 4, 'Plumbing Goods', 19),
    (1, 1, 'ABC Supplies', 20),
    (1, 7, 'Green Gardens', 21),
    (1, 6, 'ElectroTools Inc.', 22),
    (1, 8, 'Nail Masters', 23),
    (1, 2, 'XYZ Construction', 24),
    (1, 9, 'HydroTech', 25),
    (1, 5, 'Plumbing Goods', 26),
    (1, 1, 'ABC Supplies', 27),
    (1, 4, 'Plumbing Goods', 28),
    (1, 7, 'Green Gardens', 29),
    (1, 3, 'WoodWorks Ltd.', 30),
    (1, 6, 'ElectroTools Inc.', 31),
    (1, 8, 'Nail Masters', 32),
    (1, 2, 'XYZ Construction', 33),
    (1, 1, 'ABC Supplies', 34),
    (1, 9, 'HydroTech', 35),
    (1, 7, 'Green Gardens', 36),
    (1, 5, 'Plumbing Goods', 37),
    (1, 8, 'Nail Masters', 38),
    (1, 4, 'Plumbing Goods', 39),
    (1, 3, 'WoodWorks Ltd.', 40),
    (1, 6, 'ElectroTools Inc.', 41),
    (1, 9, 'HydroTech', 42),
    (2, 2, 'XYZ Construction', 43),
    (2, 5, 'Plumbing Goods', 44),
    (2, 3, 'WoodWorks Ltd.', 45),
    (2, 6, 'ElectroTools Inc.', 46),
    (2, 4, 'Plumbing Goods', 47),
    (2, 1, 'ABC Supplies', 48),
    (2, 7, 'Green Gardens', 49),
    (2, 9, 'HydroTech', 50),
    (2, 2, 'XYZ Construction', 51),
    (2, 3, 'WoodWorks Ltd.', 52),
    (2, 4, 'Plumbing Goods', 53),
    (2, 8, 'Nail Masters', 54),
    (2, 7, 'Green Gardens', 55),
    (2, 5, 'Plumbing Goods', 56),
    (2, 1, 'ABC Supplies', 57),
    (2, 6, 'ElectroTools Inc.', 58),
    (2, 4, 'Plumbing Goods', 59),
    (2, 7, 'Green Gardens', 60),
    (2, 9, 'HydroTech', 61),
    (2, 1, 'ABC Supplies', 62),
    (2, 3, 'WoodWorks Ltd.', 63),
    (2, 5, 'Plumbing Goods', 64),
    (2, 8, 'Nail Masters', 65),
    (2, 6, 'ElectroTools Inc.', 66),
    (2, 1, 'ABC Supplies', 67),
    (2, 9, 'HydroTech', 68),
    (2, 7, 'Green Gardens', 69),
    (2, 8, 'Nail Masters', 70),
    (2, 2, 'XYZ Construction', 71),
    (2, 4, 'Plumbing Goods', 72),
    (2, 5, 'Plumbing Goods', 73),
    (2, 6, 'ElectroTools Inc.', 74),
    (2, 7, 'Green Gardens', 75),
    (2, 3, 'WoodWorks Ltd.', 76),
    (2, 1, 'ABC Supplies', 77),
    (2, 8, 'Nail Masters', 78),
    (2, 9, 'HydroTech', 79),
    (2, 2, 'XYZ Construction', 80),
    (2, 6, 'ElectroTools Inc.', 81),
    (2, 1, 'ABC Supplies', 82),
    (2, 3, 'WoodWorks Ltd.', 83),
    (2, 4, 'Plumbing Goods', 84),
    (2, 9, 'HydroTech', 85),
    (2, 7, 'Green Gardens', 86),
    (2, 8, 'Nail Masters', 87),
    (2, 5, 'Plumbing Goods', 88),
    (2, 6, 'ElectroTools Inc.', 89),
    (2, 1, 'ABC Supplies', 90),
    (2, 3, 'WoodWorks Ltd.', 91),
    (2, 8, 'Nail Masters', 92),
    (2, 7, 'Green Gardens', 93),
    (2, 9, 'HydroTech', 94),
    (2, 5, 'Plumbing Goods', 95),
    (2, 1, 'ABC Supplies', 96),
    (2, 3, 'WoodWorks Ltd.', 97),
    (2, 4, 'Plumbing Goods', 98),
    (2, 7, 'Green Gardens', 99),
    (2, 6, 'ElectroTools Inc.', 100);

